"","site","micro","year","chi_squared","df","p_value","method"
"1","angelo","soil",2009,103.055338221707,1,3.25916176864306e-24,"overlap by foliage"
"2","angelo","air",2009,32.6178850629726,1,1.12177718090777e-08,"overlap by foliage"
"3","angelo","soil",2010,145.243035418153,1,1.90032408431602e-33,"overlap by foliage"
"4","angelo","air",2010,78.5104968271164,1,7.95742828802358e-19,"overlap by foliage"
"5","angelo","soil",2011,16.1984236364351,1,5.70415628635038e-05,"overlap by foliage"
"6","angelo","air",2011,31.2639205686817,1,2.25226676618713e-08,"overlap by foliage"
